<?xml version="1.0" encoding="UTF-8"?>
<metadata xml:lang="en"><Esri><CreaDate>20181002</CreaDate><CreaTime>12033200</CreaTime><SyncOnce>FALSE</SyncOnce><SyncDate>20130718</SyncDate><SyncTime>18040100</SyncTime><ModDate>20130718</ModDate><ModTime>18040100</ModTime><DataProperties><lineage><Process ToolSource="C:\Program Files\ArcGIS\ArcToolbox\Toolboxes\Conversion Tools.tbx\FeatureClassToFeatureClass" Date="20130213" Time="135733">FeatureClassToFeatureClass N:\GIS\data_4_SDE\2013\January\BotanicalDivisions.gdb\BotanicalDivisions "Database Connections\sde@DC_CorpDB_goulbdb70.sde\CorpDB.SDE.Boundary_Administrative" abotanitcal_div # "ID 'ID' true true false 8 Double 0 0 ,First,#,N:\GIS\data_4_SDE\2013\January\BotanicalDivisions.gdb\BotanicalDivisions,ID,-1,-1;NAME_FULL 'NAME_FULL' true true false 25 Text 0 0 ,First,#,N:\GIS\data_4_SDE\2013\January\BotanicalDivisions.gdb\BotanicalDivisions,NAME_FULL,-1,-1;State 'State' true true false 50 Text 0 0 ,First,#,N:\GIS\data_4_SDE\2013\January\BotanicalDivisions.gdb\BotanicalDivisions,State,-1,-1;Hectares 'Hectares' true true false 8 Double 0 0 ,First,#,N:\GIS\data_4_SDE\2013\January\BotanicalDivisions.gdb\BotanicalDivisions,Hectares,-1,-1;VERSDATE 'VERSDATE' true true false 8 Date 0 0 ,First,#,N:\GIS\data_4_SDE\2013\January\BotanicalDivisions.gdb\BotanicalDivisions,VERSDATE,-1,-1;Shape_Length 'Shape_Length' false true true 8 Double 0 0 ,First,#,N:\GIS\data_4_SDE\2013\January\BotanicalDivisions.gdb\BotanicalDivisions,Shape_Length,-1,-1;Shape_Area 'Shape_Area' false true true 8 Double 0 0 ,First,#,N:\GIS\data_4_SDE\2013\January\BotanicalDivisions.gdb\BotanicalDivisions,Shape_Area,-1,-1" GEOMETRY "Database Connections\sde@DC_CorpDB_goulbdb70.sde\CorpDB.SDE.Boundary_Administrative\CorpDB.SDE.abotanitcal_div"</Process><Process ToolSource="C:\Program Files\ArcGIS\ArcToolbox\Toolboxes\Conversion Tools.tbx\FeatureClassToFeatureClass" Date="20130227" Time="141928">FeatureClassToFeatureClass "Database Connections\sde@CorpDB_goulbdb70.sde\CorpDB.SDE.Boundary_Administrative\CorpDB.SDE.botanitcal_div" C:\data\Workspace\Botanical_Div\Botanical_div.gdb botanical_div # "ID 'ID' true true false 8 Double 8 38 ,First,#,Database Connections\sde@CorpDB_goulbdb70.sde\CorpDB.SDE.Boundary_Administrative\CorpDB.SDE.botanitcal_div,ID,-1,-1;NAME_FULL 'NAME_FULL' true true false 25 Text 0 0 ,First,#,Database Connections\sde@CorpDB_goulbdb70.sde\CorpDB.SDE.Boundary_Administrative\CorpDB.SDE.botanitcal_div,NAME_FULL,-1,-1;State 'State' true true false 50 Text 0 0 ,First,#,Database Connections\sde@CorpDB_goulbdb70.sde\CorpDB.SDE.Boundary_Administrative\CorpDB.SDE.botanitcal_div,State,-1,-1;Hectares 'Hectares' true true false 8 Double 8 38 ,First,#,Database Connections\sde@CorpDB_goulbdb70.sde\CorpDB.SDE.Boundary_Administrative\CorpDB.SDE.botanitcal_div,Hectares,-1,-1;VERSDATE 'VERSDATE' true true false 36 Date 0 0 ,First,#,Database Connections\sde@CorpDB_goulbdb70.sde\CorpDB.SDE.Boundary_Administrative\CorpDB.SDE.botanitcal_div,VERSDATE,-1,-1;Shape_STArea__ 'Shape_STArea__' false false true 0 Double 0 0 ,First,#,Database Connections\sde@CorpDB_goulbdb70.sde\CorpDB.SDE.Boundary_Administrative\CorpDB.SDE.botanitcal_div,Shape.STArea(),-1,-1;Shape_STLength__ 'Shape_STLength__' false false true 0 Double 0 0 ,First,#,Database Connections\sde@CorpDB_goulbdb70.sde\CorpDB.SDE.Boundary_Administrative\CorpDB.SDE.botanitcal_div,Shape.STLength(),-1,-1" # C:\data\Workspace\Botanical_Div\Botanical_div.gdb\botanical_div</Process><Process ToolSource="C:\Program Files\ArcGIS\ArcToolbox\Toolboxes\Data Management Tools.tbx\Dissolve" Date="20130227" Time="142504">Dissolve C:\data\Workspace\Botanical_Div\Botanical_div.gdb\botanical_div C:\data\Workspace\Botanical_Div\Botanical_div.gdb\botanical_div_Dissolve ID;NAME_FULL;State # MULTI_PART DISSOLVE_LINES</Process><Process ToolSource="C:\Program Files\ArcGIS\ArcToolbox\Toolboxes\Conversion Tools.tbx\FeatureClassToFeatureClass" Date="20130227" Time="143325">FeatureClassToFeatureClass C:\data\Workspace\Botanical_Div\Botanical_div.gdb\botanical_div_Dissolve "Database Connections\sde@CorpDB_goulbdb70.sde\CorpDB.SDE.Boundary_Administrative" botanical_div # "ID 'ID' true true false 8 Double 0 0 ,First,#,C:\data\Workspace\Botanical_Div\Botanical_div.gdb\botanical_div_Dissolve,ID,-1,-1;NAME_FULL 'NAME_FULL' true true false 25 Text 0 0 ,First,#,C:\data\Workspace\Botanical_Div\Botanical_div.gdb\botanical_div_Dissolve,NAME_FULL,-1,-1;State 'State' true true false 50 Text 0 0 ,First,#,C:\data\Workspace\Botanical_Div\Botanical_div.gdb\botanical_div_Dissolve,State,-1,-1;Shape_Length 'Shape_Length' false true true 8 Double 0 0 ,First,#,C:\data\Workspace\Botanical_Div\Botanical_div.gdb\botanical_div_Dissolve,Shape_Length,-1,-1;Shape_Area 'Shape_Area' false true true 8 Double 0 0 ,First,#,C:\data\Workspace\Botanical_Div\Botanical_div.gdb\botanical_div_Dissolve,Shape_Area,-1,-1" GEOMETRY "Database Connections\sde@CorpDB_goulbdb70.sde\CorpDB.SDE.Boundary_Administrative\CorpDB.SDE.botanical_div"</Process><Process ToolSource="C:\Program Files (x86)\ArcGIS\ArcToolbox\Toolboxes\Conversion Tools.tbx\FeatureClassToFeatureClass" Date="20130227" Time="144439">FeatureClassToFeatureClass "Database Connections\CorpDB@goulbdb70.sde\CorpDB.SDE.Boundary_Administrative\CorpDB.SDE.botanical_div" "Database Connections\CorpDb_Goulbdb70_gis.sde\CorpDB.SDE.Boundary_Administrative" botanical_div # "ID 'ID' true true false 8 Double 8 38 ,First,#,Database Connections\CorpDB@goulbdb70.sde\CorpDB.SDE.Boundary_Administrative\CorpDB.SDE.botanical_div,ID,-1,-1;NAME_FULL 'NAME_FULL' true true false 25 Text 0 0 ,First,#,Database Connections\CorpDB@goulbdb70.sde\CorpDB.SDE.Boundary_Administrative\CorpDB.SDE.botanical_div,NAME_FULL,-1,-1;State 'State' true true false 50 Text 0 0 ,First,#,Database Connections\CorpDB@goulbdb70.sde\CorpDB.SDE.Boundary_Administrative\CorpDB.SDE.botanical_div,State,-1,-1;Shape_STArea__ 'Shape_STArea__' false false true 0 Double 0 0 ,First,#,Database Connections\CorpDB@goulbdb70.sde\CorpDB.SDE.Boundary_Administrative\CorpDB.SDE.botanical_div,Shape.STArea(),-1,-1;Shape_STLength__ 'Shape_STLength__' false false true 0 Double 0 0 ,First,#,Database Connections\CorpDB@goulbdb70.sde\CorpDB.SDE.Boundary_Administrative\CorpDB.SDE.botanical_div,Shape.STLength(),-1,-1" GEOMETRY "Database Connections\CorpDb_Goulbdb70_gis.sde\CorpDB.SDE.Boundary_Administrative\corpdb.SDE.botanical_div"</Process><Process ToolSource="C:\Program Files (x86)\ArcGIS\ArcToolbox\Toolboxes\Conversion Tools.tbx\FeatureClassToFeatureClass" Date="20130718" Time="180406">FeatureClassToFeatureClass "Database Connections\CorpDb_Goulbdb70_gis.sde\CorpDB.SDE.Boundary_Administrative\corpdb.SDE.botanical_div" "Database Connections\CorpDB@Lidcoap06.sde\CorpDB.SDE.Boundary_Administrative" botanical_div # "ID 'ID' true true false 8 Double 8 38 ,First,#,Database Connections\CorpDb_Goulbdb70_gis.sde\CorpDB.SDE.Boundary_Administrative\corpdb.SDE.botanical_div,ID,-1,-1;NAME_FULL 'NAME_FULL' true true false 25 Text 0 0 ,First,#,Database Connections\CorpDb_Goulbdb70_gis.sde\CorpDB.SDE.Boundary_Administrative\corpdb.SDE.botanical_div,NAME_FULL,-1,-1;State 'State' true true false 50 Text 0 0 ,First,#,Database Connections\CorpDb_Goulbdb70_gis.sde\CorpDB.SDE.Boundary_Administrative\corpdb.SDE.botanical_div,State,-1,-1;Shape_STArea__ 'Shape_STArea__' true false false 8 Double 8 38 ,First,#,Database Connections\CorpDb_Goulbdb70_gis.sde\CorpDB.SDE.Boundary_Administrative\corpdb.SDE.botanical_div,Shape_STArea__,-1,-1;Shape_STLength__ 'Shape_STLength__' true false false 8 Double 8 38 ,First,#,Database Connections\CorpDb_Goulbdb70_gis.sde\CorpDB.SDE.Boundary_Administrative\corpdb.SDE.botanical_div,Shape_STLength__,-1,-1;Shape_STArea_1 'Shape_STArea_1' false false true 0 Double 0 0 ,First,#,Database Connections\CorpDb_Goulbdb70_gis.sde\CorpDB.SDE.Boundary_Administrative\corpdb.SDE.botanical_div,Shape.STArea(),-1,-1;Shape_STLength_1 'Shape_STLength_1' false false true 0 Double 0 0 ,First,#,Database Connections\CorpDb_Goulbdb70_gis.sde\CorpDB.SDE.Boundary_Administrative\corpdb.SDE.botanical_div,Shape.STLength(),-1,-1" GEOMETRY "Database Connections\CorpDB@Lidcoap06.sde\CorpDB.SDE.Boundary_Administrative\CorpDB.SDE.botanical_div"</Process></lineage></DataProperties><ArcGISFormat>1.0</ArcGISFormat><ArcGISstyle>ISO 19139 Metadata Implementation Specification</ArcGISstyle></Esri><idinfo><native Sync="TRUE">Microsoft Windows Vista Version 6.1 (Build 7601) Service Pack 1; ESRI ArcCatalog 9.3.1.3000</native><descript><langdata Sync="TRUE">en</langdata><abstract>REQUIRED: A brief narrative summary of the data set.</abstract><purpose>REQUIRED: A summary of the intentions with which the data set was developed.</purpose></descript><citation><citeinfo><origin>REQUIRED: The name of an organization or individual that developed the data set.</origin><pubdate>REQUIRED: The date when the data set is published or otherwise made available for release.</pubdate><title Sync="TRUE">CorpDB.SDE.botanical_div</title><ftname Sync="TRUE">CorpDB.SDE.botanical_div</ftname><geoform Sync="TRUE">vector digital data</geoform><onlink Sync="TRUE">Server=CorpDB@Lidcoap06; Service=sde:sqlserver:lidcoap06; Database=CorpDB; User=sde; Version=sde.DEFAULT</onlink></citeinfo></citation><timeperd><current>REQUIRED: The basis on which the time period of content information is determined.</current><timeinfo><sngdate><caldate>REQUIRED: The year (and optionally month, or month and day) for which the data set corresponds to the ground.</caldate></sngdate></timeinfo></timeperd><status><progress>REQUIRED: The state of the data set.</progress><update>REQUIRED: The frequency with which changes and additions are made to the data set after the initial data set is completed.</update></status><spdom><bounding><westbc Sync="TRUE">112.920525</westbc><eastbc Sync="TRUE">159.102264</eastbc><northbc Sync="TRUE">-9.223310</northbc><southbc Sync="TRUE">-43.660091</southbc></bounding><lboundng><leftbc Sync="TRUE">112.920525</leftbc><rightbc Sync="TRUE">159.102264</rightbc><bottombc Sync="TRUE">-43.660091</bottombc><topbc Sync="TRUE">-9.223310</topbc></lboundng></spdom><keywords><theme><themekt>REQUIRED: Reference to a formally registered thesaurus or a similar authoritative source of theme keywords.</themekt><themekey>REQUIRED: Common-use word or phrase used to describe the subject of the data set.</themekey></theme></keywords><accconst>REQUIRED: Restrictions and legal prerequisites for accessing the data set.</accconst><useconst>REQUIRED: Restrictions and legal prerequisites for using the data set after access is granted.</useconst><natvform Sync="TRUE">SDE Feature Class</natvform></idinfo><dataIdInfo><envirDesc Sync="TRUE">Microsoft Windows Vista Version 6.1 (Build 7601) Service Pack 1; ESRI ArcCatalog 9.3.1.3000</envirDesc><dataLang><languageCode Sync="TRUE" value="en"/></dataLang><idCitation><resTitle>Botanical Divisions of Australia</resTitle><presForm><PresFormCd Sync="TRUE" value="005"/></presForm><resEdDate>20121101</resEdDate><resRefDate><refDate>20121101</refDate><refDateType><DateTypCd value="001"/></refDateType></resRefDate></idCitation><spatRpType><SpatRepTypCd Sync="TRUE" value="001"/></spatRpType><dataExt><geoEle><GeoBndBox esriExtentType="native"><westBL Sync="TRUE">112.920525</westBL><eastBL Sync="TRUE">159.102264</eastBL><northBL Sync="TRUE">-9.22331</northBL><southBL Sync="TRUE">-43.660091</southBL><exTypeCode Sync="TRUE">1</exTypeCode></GeoBndBox></geoEle></dataExt><geoBox esriExtentType="decdegrees"><westBL Sync="TRUE">112.920525</westBL><eastBL Sync="TRUE">159.102264</eastBL><northBL Sync="TRUE">-9.22331</northBL><southBL Sync="TRUE">-43.660091</southBL><exTypeCode Sync="TRUE">1</exTypeCode></geoBox><idAbs>Boundaries of the 12 Botanical Divisions of NSW and also the rest of Australia as described by Anderson (1961). Botanical Divisions are used to describe the distribution of vegetation communities and also plant specimens collected for the NSW Herbarium in Sydney.
Updated with a much finer coastline for NSW in November 2012.</idAbs><tpCat><TopicCatCd value="007"/></tpCat><descKeys KeyTypCd="005"><keyTyp><KeyTypCd value="005"/></keyTyp><keyword>BOUNDARIES</keyword><keyword>BIODIVERSITY</keyword><keyword>FLORA</keyword><keyword>BOTANY</keyword></descKeys><descKeys KeyTypCd="002"><keyTyp><KeyTypCd value="002"/></keyTyp><keyword>New South Wales</keyword><keyword>Australia</keyword></descKeys></dataIdInfo><metainfo><langmeta Sync="TRUE">en</langmeta><metstdn Sync="TRUE">FGDC Content Standards for Digital Geospatial Metadata</metstdn><metstdv Sync="TRUE">FGDC-STD-001-1998</metstdv><mettc Sync="TRUE">local time</mettc><metc><cntinfo><cntorgp><cntper>REQUIRED: The person responsible for the metadata information.</cntper><cntorg>REQUIRED: The organization responsible for the metadata information.</cntorg></cntorgp><cntaddr><addrtype>REQUIRED: The mailing and/or physical address for the organization or individual.</addrtype><city>REQUIRED: The city of the address.</city><state>REQUIRED: The state or province of the address.</state><postal>REQUIRED: The ZIP or other postal code of the address.</postal></cntaddr><cntvoice>REQUIRED: The telephone number by which individuals can speak to the organization or individual.</cntvoice></cntinfo></metc><metd Sync="TRUE">20130718</metd><metextns><onlink Sync="TRUE">http://www.esri.com/metadata/esriprof80.html</onlink><metprof Sync="TRUE">ESRI Metadata Profile</metprof></metextns></metainfo><mdLang><languageCode Sync="TRUE" value="en"/></mdLang><mdStanName Sync="TRUE">ISO 19115 Geographic Information - Metadata</mdStanName><mdStanVer Sync="TRUE">DIS_ESRI1.0</mdStanVer><mdChar><CharSetCd Sync="TRUE" value="004"/></mdChar><mdHrLv><ScopeCd Sync="TRUE" value="005"/></mdHrLv><mdHrLvName Sync="TRUE">dataset</mdHrLvName><distinfo><resdesc Sync="TRUE">Downloadable Data</resdesc><stdorder><digform><digtinfo><transize Sync="TRUE">0.000</transize><dssize Sync="TRUE">0.000</dssize></digtinfo></digform></stdorder></distinfo><distInfo><distributor><distorFormat><formatName Sync="TRUE">SDE Feature Class</formatName><formatVer>ArcGIS9.3</formatVer></distorFormat><distorCont><rpIndName>Angela McCormack</rpIndName><rpOrgName>OEH</rpOrgName><rpPosName>Manager, Data Management Unit</rpPosName><rpCntInfo><cntAddress><delPoint>PO Box 462</delPoint><city>Gunnedah</city><adminArea>NSW</adminArea><postCode>2340</postCode><eMailAdd>angela.mccormack@environment.nsw.gov.au</eMailAdd><country>au</country></cntAddress><cntPhone><voiceNum>02 6740 2349</voiceNum></cntPhone></rpCntInfo><role><RoleCd value="005"/></role></distorCont><distorTran><onLineSrc><linkage>file://P:\Corporate\Themes\Land\LandClass</linkage><orDesc Sync="TRUE">002</orDesc><protocol Sync="TRUE">ArcSDE Connection</protocol></onLineSrc></distorTran></distributor></distInfo><spdoinfo><direct Sync="TRUE">Vector</direct><ptvctinf><esriterm Name="CorpDB.SDE.botanical_div"><efeatyp Sync="TRUE">Simple</efeatyp><efeageom Sync="TRUE">Polygon</efeageom><esritopo Sync="TRUE">FALSE</esritopo><efeacnt Sync="TRUE">0</efeacnt><spindex Sync="TRUE">TRUE</spindex><linrefer Sync="TRUE">FALSE</linrefer><XYRank Sync="TRUE">1</XYRank><ZRank Sync="TRUE">1</ZRank><topoWeight Sync="TRUE">5.000000</topoWeight><validateEvents Sync="TRUE">FALSE</validateEvents><partTopoRules><topoRuleID Sync="TRUE">30</topoRuleID></partTopoRules></esriterm><sdtsterm Name="CorpDB.SDE.botanical_div"><sdtstype Sync="TRUE">G-polygon</sdtstype><ptvctcnt Sync="TRUE">0</ptvctcnt></sdtsterm></ptvctinf></spdoinfo><spref><horizsys><cordsysn><geogcsn Sync="TRUE">GCS_GDA_1994</geogcsn></cordsysn><geodetic><horizdn Sync="TRUE">D_GDA_1994</horizdn><ellips Sync="TRUE">Geodetic Reference System 80</ellips><semiaxis Sync="TRUE">6378137.000000</semiaxis><denflat Sync="TRUE">298.257222</denflat></geodetic><geograph><geogunit Sync="TRUE">Decimal degrees</geogunit><latres Sync="TRUE">0.000000</latres><longres Sync="TRUE">0.000000</longres></geograph></horizsys><vertdef><altsys><altenc Sync="TRUE">Explicit elevation coordinate included with horizontal coordinates</altenc><altres Sync="TRUE">1.000000</altres></altsys></vertdef></spref><refSysInfo><RefSystem><refSysID><identCode Sync="TRUE">GCS_GDA_1994</identCode></refSysID></RefSystem></refSysInfo><spatRepInfo><VectSpatRep><topLvl><TopoLevCd Sync="TRUE" value="001"/></topLvl><geometObjs Name="CorpDB.SDE.botanical_div"><geoObjTyp><GeoObjTypCd Sync="TRUE" value="001"/></geoObjTyp><geoObjCnt Sync="TRUE">0</geoObjCnt></geometObjs></VectSpatRep></spatRepInfo><eainfo><detailed Name="CorpDB.SDE.botanical_div"><enttyp><enttypl Sync="TRUE">CorpDB.SDE.botanical_div</enttypl><enttypt Sync="TRUE">Feature Class</enttypt><enttypc Sync="TRUE">0</enttypc></enttyp><attr><attrlabl Sync="TRUE">Shape</attrlabl><attalias Sync="TRUE">Shape</attalias><attrtype Sync="TRUE">Geometry</attrtype><attwidth Sync="TRUE">4</attwidth><atprecis Sync="TRUE">0</atprecis><attscale Sync="TRUE">0</attscale><attrdef Sync="TRUE">Feature geometry.</attrdef><attrdefs Sync="TRUE">ESRI</attrdefs><attrdomv><udom Sync="TRUE">Coordinates defining the features.</udom></attrdomv></attr><attr><attrlabl Sync="TRUE">OBJECTID</attrlabl><attalias Sync="TRUE">OBJECTID</attalias><attrtype Sync="TRUE">OID</attrtype><attwidth Sync="TRUE">4</attwidth><attrdef Sync="TRUE">Internal feature number.</attrdef><attrdefs Sync="TRUE">ESRI</attrdefs><attrdomv><udom Sync="TRUE">Sequential unique whole numbers that are automatically generated.</udom></attrdomv><atprecis Sync="TRUE">10</atprecis><attscale Sync="TRUE">0</attscale></attr><attr><attrlabl Sync="TRUE">ID</attrlabl><attalias Sync="TRUE">ID</attalias><attrtype Sync="TRUE">Double</attrtype><attwidth Sync="TRUE">8</attwidth><atprecis Sync="TRUE">38</atprecis><attscale Sync="TRUE">8</attscale></attr><attr><attrlabl Sync="TRUE">NAME_FULL</attrlabl><attalias Sync="TRUE">NAME_FULL</attalias><attrtype Sync="TRUE">String</attrtype><attwidth Sync="TRUE">25</attwidth><atprecis Sync="TRUE">0</atprecis><attscale Sync="TRUE">0</attscale></attr><attr><attrlabl Sync="TRUE">Shape_STArea__</attrlabl><attalias Sync="TRUE">Shape_STArea__</attalias><attrtype Sync="TRUE">Double</attrtype><attwidth Sync="TRUE">8</attwidth><atprecis Sync="TRUE">38</atprecis><attscale Sync="TRUE">8</attscale></attr><attr><attrlabl Sync="TRUE">Shape_STLength__</attrlabl><attalias Sync="TRUE">Shape_STLength__</attalias><attrtype Sync="TRUE">Double</attrtype><attwidth Sync="TRUE">8</attwidth><atprecis Sync="TRUE">38</atprecis><attscale Sync="TRUE">8</attscale></attr><attr><attrlabl Sync="TRUE">Shape_STArea_1</attrlabl><attalias Sync="TRUE">Shape_STArea_1</attalias><attrtype Sync="TRUE">Double</attrtype><attwidth Sync="TRUE">8</attwidth><atprecis Sync="TRUE">38</atprecis><attscale Sync="TRUE">8</attscale></attr><attr><attrlabl Sync="TRUE">Shape_STLength_1</attrlabl><attalias Sync="TRUE">Shape_STLength_1</attalias><attrtype Sync="TRUE">Double</attrtype><attwidth Sync="TRUE">8</attwidth><atprecis Sync="TRUE">38</atprecis><attscale Sync="TRUE">8</attscale></attr><attr><attrlabl Sync="TRUE">State</attrlabl><attalias Sync="TRUE">State</attalias><attrtype Sync="TRUE">String</attrtype><attwidth Sync="TRUE">50</attwidth><atprecis Sync="TRUE">0</atprecis><attscale Sync="TRUE">0</attscale></attr><attr><attrlabl Sync="TRUE">Shape.STArea()</attrlabl><attalias Sync="TRUE">Shape.STArea()</attalias><attrtype Sync="TRUE">Double</attrtype><attwidth Sync="TRUE">0</attwidth><atprecis Sync="TRUE">0</atprecis><attscale Sync="TRUE">0</attscale></attr><attr><attrlabl Sync="TRUE">Shape.STLength()</attrlabl><attalias Sync="TRUE">Shape.STLength()</attalias><attrtype Sync="TRUE">Double</attrtype><attwidth Sync="TRUE">0</attwidth><atprecis Sync="TRUE">0</atprecis><attscale Sync="TRUE">0</attscale></attr></detailed></eainfo><mdDateSt Sync="TRUE">20130718</mdDateSt><dataqual><lineage><procstep><procdesc Sync="TRUE">Metadata imported.</procdesc><srcused Sync="TRUE">C:\temp\Growth_centres_mask.shp.xml</srcused><date Sync="TRUE">20091116</date><time Sync="TRUE">14483500</time></procstep><procstep><procdesc Sync="TRUE">Metadata imported.</procdesc><srcused Sync="TRUE">C:\P-drive_Spatial data consolidation\metadata_xmls\GrowthCentreBiodiversityOffsetsAOI.xml</srcused><procdate Sync="TRUE">20110922</procdate><proctime Sync="TRUE">16093200</proctime></procstep><procstep><procdesc Sync="TRUE">Dataset copied.</procdesc><srcused Sync="TRUE">\\metrofs01.dec.int\Spatial\Corporate\Themes\Land\LandClass\LandClass.gdb</srcused><procdate Sync="TRUE">20121025</procdate><proctime Sync="TRUE">13252400</proctime></procstep><procstep><procdesc Sync="TRUE">Dataset copied.</procdesc><srcused Sync="TRUE"/><procdate Sync="TRUE">20121025</procdate><proctime Sync="TRUE">18394300</proctime></procstep><procstep><procdesc Sync="TRUE">Dataset copied.</procdesc><srcused Sync="TRUE">\\DEC19197\C$\temp\BotDivCoast\Working2.gdb</srcused><procdate Sync="TRUE">20121105</procdate><proctime Sync="TRUE">10544700</proctime></procstep><procstep><procdesc Sync="TRUE">Dataset copied.</procdesc><srcused Sync="TRUE">\\DEC19197\C$\temp\BotDivCoast\Working3.gdb</srcused><procdate Sync="TRUE">20121106</procdate><proctime Sync="TRUE">09354800</proctime></procstep><procstep><procdesc Sync="TRUE">Dataset copied.</procdesc><srcused Sync="TRUE">\\DEC19197\C$\temp\BotDivCoast\Working3.gdb</srcused><procdate Sync="TRUE">20121106</procdate><proctime Sync="TRUE">14470300</proctime></procstep></lineage></dataqual><mdContact><rpIndName>Chris Togher</rpIndName><rpOrgName>OEH</rpOrgName><rpPosName>GIS Support Officer</rpPosName><rpCntInfo><cntAddress><delPoint>PO BOX 1967</delPoint><city>Hurstville</city><adminArea>NSW</adminArea><postCode>2220</postCode><eMailAdd>chris.togher@environment.nsw.gov.au</eMailAdd></cntAddress><cntPhone><voiceNum>0295856886</voiceNum></cntPhone></rpCntInfo><role><RoleCd value="006"/></role></mdContact><dqInfo><dataLineage><statement>Updated with a much finer coastline for NSW in November 2012.
Positional accuracy:
Precision: 1m to 250m Determination: Deductive estimate. Ad-hoc comparisons with 1:250,000 layer data and various sorts of imagery indicated good correlation in terms of shape and size but with errors of the order indicated above in terms of position
Attribute accuracy:
Attributes are completely accurate.
Logical consistency:
The GIS package (ArcInfo) was used to do topological consistency check to detect flaws in the spatial data structure and to flag them as errors. This check insures that all classified polygons are closed, nodes are formed at the intersection of lines and that there is only one label within each polygon.
Completeness:
The dataset is complete for the mapped area.</statement></dataLineage><dqScope><scpLvl><ScopeCd value="005"/></scpLvl></dqScope></dqInfo></metadata>
